{
  "68761e3d907e5e30ccae2d86": {
    "prefer": [
      "morning coffee",
      "九份",
      "人少的地方",
      "休息",
      "吃冰",
      "好吃的",
      "早餐",
      "星巴克",
      "水上運動",
      "沙灘",
      "海灘",
      "海邊",
      "甜食",
      "睡覺",
      "舒適的睡眠環境",
      "蝴蝶",
      "辣的食物",
      "運動",
      "陽光",
      "食物",
      "餐廳"
    ],
    "avoid": [
      "人多的地方",
      "博物館",
      "咖啡廳",
      "困難的行程",
      "夜市",
      "昂貴的餐廳",
      "水上活動",
      "海鮮",
      "破電腦",
      "蚊子多",
      "豆漿",
      "辣",
      "酸",
      "酸的食物",
      "酸的飲料",
      "需要大量體力的活動"
    ]
  },
  "68761f833c47ecf799dda96f": {
    "prefer": [
      "健康饮食",
      "可能对包含大量步行或体力活动的行程感兴趣",
      "華山文創園區",
      "运动"
    ],
    "avoid": [
      "久坐不动",
      "可能对放松和以美食为中心的行程不感兴趣",
      "高卡路里食物"
    ]
  }
}